id,name,x,y
9002,10 levels in a class that grants a familiar,-1700.7386941528,-76.525116957
9003,10 levels in a class that grants an animal companion,-1700.903849502,-127.5980263496
9004,100+ years old,85.5602313851,-230.1330119032
9005,3 ranks in any Dexterity based skill,2783.2069725652,-1590.2499418461
9006,3 ranks in any Strength based skill,2780.6497222032,-1637.2361464943
9007,6 HD,1742.9459247265,-901.8821304586
9008,7th level in a class that grants an animal companion or mount,1379.7895213797,-2482.8229583457
9009,Aasimar,1710.2060441152,1058.5405896784
9010,Aberrant bloodline,696.4690351513,2777.1433125443
9011,Ability Focus (death-stealing gaze),-1922.0314021644,2512.8991008906
9012,Ability to acquire a familiar,2810.9043233705,20.2980655552
9013,Ability to acquire a new familiar,2504.2717149767,1672.4565718642
9014,Ability to acquire a special mount,2852.131790216,79.5726664845
9015,Ability to acquire an animal companion,2389.5740847654,-97.1966425542
9016,Ability to acquire an eidolon,2830.3973341665,47.1988928035
9017,Ability to attempt Day Job checks (see the Guide to Pathfinder Society Organized Play),2346.05240624,2835.503446139
9018,Ability to awaken the crown chakra,708.875043512,3423.7599633569
9019,Ability to awaken the heart chakra,602.9414455425,3365.6866542357
9020,Ability to awaken the root chakra,582.3904278203,3462.8586690478
9021,Ability to cast 1st-level arcane spells,197.5683478646,-1.362943273
9022,Ability to cast 1st-level divine spells,224.26510341,-14.9763832205
9023,Ability to cast 1st-level paladin spells,-704.1650073798,-897.5234858496
9024,Ability to cast 1st-level spells,986.2832766143,1308.2904199104
9025,Ability to cast 2nd-level arcane spells,569.9453856883,-2193.3297458037
9026,Ability to cast 2nd-level bloodrager spells,-1104.2268200633,-1094.271487905
9027,Ability to cast 2nd-level spells,2002.5410336094,1403.4721624959
9028,Ability to cast 3rd-level arcane spells,1505.8483267405,2544.5001264155
9029,Ability to cast 3rd-level divine spells,2005.9495523438,1987.4167541127
9030,Ability to cast 4th-level spells,3760.212375226,423.7597134984
9031,Ability to cast 9th-level spells,3777.0818958137,294.2722414661
9032,Ability to cast a 1st-level or higher spell with the electricity descriptor,-1436.6757408741,-263.7055565691
9033,Ability to cast a detect spell,2749.7271465814,268.6837573717
9034,Ability to cast an arcane fire spell from non-bard spellcasting class,-1281.4460491372,1595.8894062418
9035,Ability to cast animate dead,1006.7341568639,2648.6161928943
9036,Ability to cast arcane spell with force descriptor,601.356133035,-2189.7907788685
9037,Ability to cast arcane spells,-1127.9916764469,-492.5962900332
9038,Ability to cast augury,-1083.5352345702,1011.7315271477
9039,Ability to cast banishment,-222.2647122556,149.2287886169
9040,Ability to cast bard spells,-1309.9295273726,1589.5929827844
9041,Ability to cast bestow curse,385.8974560084,429.9846408103
9042,Ability to cast bestow major curse,342.0068933138,416.3257031403
9043,Ability to cast cantrips,-1826.0896056612,2057.4062705349
9044,Ability to cast conjuration (summoning) spells,-987.8923808246,1637.7746514167
9045,Ability to cast consecrate,771.0619985698,1675.857620577
9046,Ability to cast control summoned creature,-1397.0067646614,1377.5216775804
9047,Ability to cast cure spells,1913.3742854362,2161.5321290118
9048,Ability to cast darkness,252.6430069231,-323.2534668019
9049,Ability to cast desecrate,39.5407945913,1933.9924222991
9050,Ability to cast detect chaos,-792.9238092665,-538.0459153997
9051,Ability to cast detect evil,-1248.7533180549,-340.3784553925
9052,Ability to cast detect good,-834.8681271664,-542.2909826217
9053,Ability to cast detect law,-811.9504953004,-565.7918075506
9054,Ability to cast detect magic,-936.1306121681,125.2804125882
9055,Ability to cast detect undead,-1883.2578316934,-132.6086159726
9056,Ability to cast dimension door,1262.3057505057,-1486.434471903
9057,Ability to cast dismissal,-253.7525498646,125.6285058807
9058,Ability to cast dispel magic,-489.8828898488,252.4146205744
9059,Ability to cast divination,-758.5508303679,1528.235074491
9060,Ability to cast divine spells,-683.6144409449,602.2061475093
9061,Ability to cast druid spells,591.0686468307,110.7113299203
9062,Ability to cast faerie fire,218.1250141057,-206.1383759113
9063,Ability to cast greater dispel magic,-765.0946847383,699.6514050361
9064,Ability to cast greater possession,829.611150917,1971.1269334827
9065,Ability to cast illusion (glamer) spells,-566.3924400144,1727.1505969146
9066,Ability to cast instigate psychic duel,-701.4438122206,-852.725416145
9067,Ability to cast magic jar,1676.4824351602,1577.4404841451
9068,Ability to cast nondetection,-316.2140764867,1044.2900268471
9069,Ability to cast occult rituals,1591.8503812635,2597.0797483533
9070,Ability to cast orisons,-1836.5449020585,1984.6180991027
9071,Ability to cast plane shift,-983.9961855137,3326.3261439191
9072,Ability to cast possession,821.7012520918,1988.7988142708
9073,Ability to cast psychic spells,-1000.8050297342,-376.2984928945
9074,Ability to cast ranger spells,612.4410780321,106.6535610821
9075,Ability to cast read magic,-455.3056239268,464.7811282835
9076,Ability to cast remove disease,200.9988513365,3022.3550177998
9077,Ability to cast speak with dead,-819.3061542873,3132.886457983
9078,Ability to cast spell with force descriptor,-157.2499766854,1911.8433959587
9079,Ability to cast spells,2445.668631547,942.0751895513
9080,Ability to cast spells with curse descriptor,1252.4119243072,1781.6301671781
9081,Ability to cast spiritual ally,2205.6523630302,3010.2977039652
9082,Ability to cast spiritual weapon,2210.0361536039,2933.1669414098
9083,Ability to cast summon monster,736.7004451783,1909.7796365139
9084,Ability to cast summon monster I,1761.658941181,1601.2243448032
9085,Ability to cast summon monster III,-597.3144183307,2944.8106265322
9086,Ability to cast summon nature's ally,1739.9201124781,1743.1035226515
9087,Ability to cast summon nature's ally III,-626.1094983123,3013.9945287827
9088,Ability to cast summon nature's ally spells,625.6258789716,1456.4872156892
9089,Ability to cast sunlight,-1482.3119820652,-331.6333943442
9090,Ability to cause disease via a spell or spell-like ability or supernatural means,339.3242570742,2857.2225111792
9091,Ability to cause disease with a natural weapon via an extraordinary or supernatural ability,119.6093887916,2912.0639299366
9092,Ability to channel energy,-537.5622782359,1977.1244969404
9093,Ability to command undead,1043.2490215851,2637.9554411145
9094,Ability to control undead,2387.5179539382,-1958.930069538
9095,Ability to create 2nd-level extracts,-1446.3445951515,1063.6922513329
9096,Ability to create magical darkness,604.3468462896,-242.212545644
9097,Ability to create undead,2403.090914125,-1930.0294741259
9098,Ability to cure disease with a mercy or channel positive energy class feature,183.0461726449,3102.8650107228
9099,Ability to deliver spells through a familiar,-925.116560793,1378.5524966775
9100,Ability to deliver spells through a phantom,-895.0112097156,1370.2302036882
9101,Ability to deliver spells through an animal companion,-936.2897016396,1344.2019334864
9102,Ability to deliver spells through an eidolon,-908.0830414988,1335.5819040126
9103,Ability to gain a cohort,382.0576804379,918.1480137768
9104,Ability to gain a familiar,409.4525605128,964.3748414781
9105,Ability to gain a mount,377.2048262218,967.8363056303
9106,Ability to gain an animal companion,405.0587372577,936.6398820039
9107,Ability to gain an eidolon,351.6493486967,951.0143604223
9108,Ability to perform dirge of doom,-51.7942269301,2923.5094765421
9109,Ability to prepare 4th-level spells,570.3289341331,967.9699041934
9110,Ability to prepare 5th-level spells,-721.4479358948,-350.6392588249
9111,Ability to prepare arcane spells,-598.7448172934,3200.050530904
9112,Ability to prepare consecrate,1508.3429553368,1540.0360206611
9113,Ability to prepare spells,-1907.2366104649,1705.8709539636
9114,Ability to prepare sunlight,-1483.2684501348,-299.6500031553
9115,Ability to share spells with a familiar,-1382.2527061166,1257.7355576312
9116,Ability to share spells with a phantom,-1211.5586949356,1211.7305569405
9117,Ability to share spells with an animal companion,-1361.9807299728,1247.0496582074
9118,Ability to share spells with an eidolon,-1379.3339344282,1229.4747744273
9119,Ability to share spells with other allied creature,-1652.3064714309,1279.2344632301
9120,Ability to spontaneously cast 2nd-level spells,-27.218637023,-411.5141450573
9121,Ability to spontaneously cast cure spells,798.5858301823,1042.8758985168
9122,Ability to spontaneously cast divine spells,2609.50216907,549.9630051951
9123,Ability to spontaneously cast inflict spells,784.4940941169,1073.9774840649
9124,Ability to spontaneously cast spells,454.549185964,1166.653374805
9125,Ability to start a performance as a move action,-8.5567273721,1290.9084366311
9126,Ability to start a raging song as a move action,17.5493541075,1314.4695870856
9127,Ability to use any polymorph effect,716.7641924522,1001.64555368
9128,Ability to use drow spell-like abilities,513.9069170165,451.8807818973
9129,Ability to use land mines,-1289.591598332,3177.085655129
9130,Ability to use ranger traps,-1349.9362128555,3126.7918321462
9131,Ability to use the abundant step class feature,1276.9005906617,-1469.775784831
9132,Abilty to cast gate,-892.9874241126,3306.3079304656
9133,Able to cast summon nature's ally,1731.6443684417,1507.526366371
9134,Access to a blessing's major power,-401.1551550906,2396.4301294063
9135,Achieve a major accomplishment on behalf of an organization,1706.2924142091,3354.0115017313
9136,Acrobatics 1 rank,-559.782011296,-789.3328932971
9137,Acrobatics 11 ranks,609.2539083726,-293.3510145511
9138,Acrobatics 12 ranks,2242.0262128075,-750.537944017
9139,Acrobatics 3 ranks,449.2553560871,-327.7463796152
9140,Acrobatics 4 ranks,-879.3376175441,-1800.7475513011
9141,Acrobatics 5 ranks,864.7968796831,-819.3897828305
9142,Acrobatics 6 ranks,505.7172694679,-562.0510070707
9143,Acrobatics 7 ranks,-420.4572239312,-1433.7824495165
9144,Acrobatics 8 ranks,777.5558562562,-442.755336416
9145,Acrobatics 9 ranks,314.8950498108,-416.5831294586
9146,Adaptability racial trait,1025.841832912,1075.0856340957
9147,Adaptable luck racial trait,2053.2208646972,-878.2734158169
9148,Air blessing,-228.022688528,1987.4417656872
9149,Air domain,-266.5611558075,1988.2181428886
9150,Alchemy class feature,-1421.5475795289,1081.7152947468
9151,Alignment must be within one step of your deity's,349.0205789357,-19.0290247067
9152,An Eye for an Eye background,-1001.6148583925,2625.5300987374
9153,Ancestral arms racial trait,1053.0395079968,1077.4807157632
9154,Anchoring aura class feature,2948.0688627949,1511.8048501749
9155,Android,469.5185382246,1784.5673131103
9156,Animal,-1836.7141295658,479.9218424916
9157,Animal companion,2024.5213068147,534.2221453468
9158,Animal companion class feature,822.840830969,685.7537759556
9159,Animal domain,846.3140570467,1023.3138660255
9160,Animal focus class feature,200.4876060816,1640.6532667022
9161,Any combat feat,352.0025964964,921.58304208
9162,Any critical feat,1271.9135995068,-436.0466844194
9163,Any item creation feat,-2371.8368090668,1052.8711331863
9164,Any metamagic feat,2230.0364912491,1715.4534122842
9165,Any one performance feat,-237.283465403,-1975.2532514465
9166,Any racial spell-like ability,-1224.3599086474,1801.3826254699
9167,Any teamwork feat,1823.5810489091,-1751.575828084
9168,Any two critical feats,1323.5792244547,144.3901963986
9169,Any two performance feats,-287.4109103892,-2140.0328794206
9170,Any two style feats from different styles,951.1466813879,-1457.9221028214
9171,Any two teamwork feats,2955.5798972548,2426.6760435196
9172,Appraise 3 ranks,250.4546693867,3693.1224151828
9173,Appraise 5 ranks,-418.7062802769,333.2174271531
9174,Arcane caster level 10th,-1562.8143365573,1933.3640271645
9175,Arcane caster level 4th,2102.4085668573,-897.8900248616
9176,Arcane caster level 5th,-184.5052938905,3055.2395307028
9177,Arcane pool class feature,-704.0129277291,-167.3458088955
9178,Arcane reservoir class feature,1307.1585074983,2981.489151844
9179,Arcane school class feature,-260.0630058164,44.9251346731
9180,Arcane spellcaster,-1236.3400479401,1973.7656034382
9181,Arcanist exploit class feature,-46.2350838352,3206.382032485
9182,Arcanist level 1st,-296.8845479576,3202.3866272254
9183,Aspect of the Beast (claws of the beast manifestation),763.3475021313,-1785.8371195574
9184,Aspis Consortium 20 TPA,-2360.644949415,963.1166403127
9185,Assassinate advanced slayer talent,-101.5997496222,3400.383290749
9186,Assassinate ninja master trick,-156.3962060684,3437.9762811148
9187,Associate (Aspis Consortium),1331.8465522869,3353.4698949186
9188,Associate (Pathfinder Society),-1409.5510068047,2725.068302863
9189,Associate (Red Mantis),-1325.2577503198,2800.7441844715
9190,Associate (Whispering Way),-1266.7972426197,2687.315651449
9191,At least three metamagic feats,-1605.8882721595,1694.2485048246
9192,At least three performance feats,-83.8126183425,-1701.3076727342
9193,Augmented Summoning,1742.5297113091,1642.7150154437
9194,Aura class feature,831.2947518737,2248.3074172319
9195,Aura of courage class feature,-1817.1312641283,1110.9013435374
9196,Aura of resolve class feature,-2049.1550577782,1723.3195631238
9197,Awareness,2591.3026368624,2993.7582844457
9198,Awesome blow class feature,1593.7734311689,-1381.8663390142
9199,Babau,-452.4742336771,-1743.2598376873
9200,Bad Romance background,2431.7335854423,2722.6217189054
9201,Bane class feature,-470.2262358748,-2154.2415847177
9202,Banner class feature,1222.4637455549,100.7095590556
9203,Bard level 12th,52.3457527665,1473.8590253892
9204,Bard level 1st,-597.0041734804,2427.9012579208
9205,Bard level 8th,140.9694516635,1427.01639986
9206,Bardic knowledge class feature,-759.5086219014,2613.2554370825
9207,Bardic music ability,1890.4335848528,2886.9497840088
9208,Bardic performance class feature,231.4298182705,1043.2980418348
9209,Base attack bonus +1,928.6596023226,-1257.9012272306
9210,Base attack bonus +10,464.7211505033,-1590.4278642539
9211,Base attack bonus +11,575.428555739,-897.2411949694
9212,Base attack bonus +12,686.2360342614,-915.1706764418
9213,Base attack bonus +13,866.7845872071,-548.8051618677
9214,Base attack bonus +14,558.8510255084,-561.7026075952
9215,Base attack bonus +15,1124.4022016743,56.2836969581
9216,Base attack bonus +16,324.8536094212,-1084.3428393325
9217,Base attack bonus +17,1228.9973732459,7.8578485254
9218,Base attack bonus +2,732.4487938361,-876.7760348118
9219,Base attack bonus +3,637.9245846254,-708.2826934623
9220,Base attack bonus +4,485.6681972438,-1432.680883009
9221,Base attack bonus +5,855.7230047736,-854.3911227906
9222,Base attack bonus +6,457.5816016579,-1039.9251428055
9223,Base attack bonus +7,314.302435965,-1130.2022130131
9224,Base attack bonus +8,817.3701699421,-802.8915000307
9225,Base attack bonus +9,822.485065794,-825.9807625667
9226,Base Fortitude save +4,2625.0418994703,-256.097221606
9227,Base Fortitude save +6,1238.9158825747,3189.3437715322
9228,Base Fortitude save +7,-1774.2029834976,851.6671927089
9229,Base Fortitude save +8,2056.3774276905,-391.5002824087
9230,Base Will save +4,1577.6787146924,395.3929249736
9231,Base Will save +6,1722.2342606109,2411.2030362964
9232,Bastard Born background,2718.03496644,2234.0280076909
9233,Battle background,-2641.6529577016,1013.340825279
9234,Be a sorcerer with the celestial bloodline,3093.2451326315,2358.1429756735
9235,Be the heir of a former city leader,-2171.7404172388,1683.762974248
9236,Bellflower Network 10 TPA,3620.7198063351,624.5334024123
9237,Bite attack,-69.4987495195,-410.3418722392
9238,Bleed universal monster ability,-1816.6306581378,-1135.2164501306
9239,Bleeding sneak attack rogue trick,-1806.6926048902,-1167.2734039189
9240,Blessings class feature,-327.3708722424,2148.2024988368
9241,Blinded Blade Precision,-1271.1809496392,-1496.4802132238
9242,Blood casting class feature,-1431.4088915612,3040.8720487654
9243,Blood frenzy ability,-382.8423475494,-1311.6685760654
9244,Bloodline class feature,-201.8628998887,52.7246173986
9245,Bloodrage class feature,-1238.6309630497,-889.9016389087
9246,Bloodstone Swords 10 TPA,3253.5283664541,1925.8707868816
9247,Bloodthirsty background,1841.9195969429,2701.8328389526
9248,Bluff 1 rank,-27.657109658,-44.2552531432
9249,Bluff 10 ranks,1710.9919449126,3096.7048336123
9250,Bluff 3 ranks,-469.6942500325,-1634.7275950082
9251,Bluff 4 ranks,-183.7091009464,-2254.7962031013
9252,Bluff 5 ranks,-521.3124658901,635.6128172478
9253,Bluff 6 ranks,-525.6177551113,-1081.360816297
9254,Bluff 8 ranks,-222.1496344921,-556.5025744847
9255,Bluff 9 ranks,-542.8427298066,-1035.8447565043
9256,Boarding School background,814.008188802,3704.4113504895
9257,Boggard,-1559.2866261878,2711.0167829445
9258,Bomb class feature,-871.4205418936,-641.0332633727
9259,Bond senses class feature,3161.0786694152,1586.8547342342
9260,Born of Frost,-278.8976254971,3505.0371820706
9261,Bounty Hunter background,1463.7987295685,985.9745503743
9262,Bravery class feature,1829.8203029542,2171.6004020064
9263,Brawler level 12th,47.931020788,-380.8680056713
9264,Brawler level 4th,532.8607735578,-1213.1563767739
9265,Brawler level 5th,492.5925261789,-863.2319790484
9266,Brawler level 6th,491.4388549209,-1394.1649738756
9267,Brawler level 8th,728.1946008339,-1041.5923934021
9268,Brawler's cunning class feature,-155.2516660794,-1105.4985702021
9269,Brawler's flurry class feature,454.6295577348,-906.0325511502
9270,Cannot be a druid,-1037.6449548128,513.2298825919
9271,Cannot have a patron deity,413.3954613327,3161.1174586923
9272,Caster level 10th,-2543.9389287375,1220.6026566414
9273,Caster level 11th,-806.9816244965,917.4900869695
9274,Caster level 12th,-771.0112752295,1788.3968481663
9275,Caster level 18th,-2806.7890008672,724.4205127423
9276,Caster level 1st,-1014.7179054065,1088.7448877689
9277,Caster level 3rd,-365.450453587,1379.6691777769
9278,Caster level 4th,-465.4686755909,937.9644283893
9279,Caster level 5th,-777.1363494511,1313.9481703195
9280,Caster level 6th,1756.1050099786,1875.4682766932
9281,Caster level 7th,-161.7878084267,704.8352286124
9282,Caster level 8th,-1510.7516979743,972.8639134476
9283,Caster level 9th,-95.0113178245,681.774853807
9284,Cat's claws racial trait,792.4257217554,-1789.4306876275
9285,Catfolk,786.2550874115,-1749.9669501916
9286,Centaur,-2487.1837321944,850.8908044397
9287,Cha 10,148.9734445374,183.0945983518
9288,Cha 11,-1205.7415304105,-385.0220874126
9289,Cha 13,494.0430252853,432.5212105238
9290,Cha 15,347.4491953801,736.9477674836
9291,Cha 17,328.3590770928,1343.7404282591
9292,Cha 18,2135.8985816386,1256.9515768831
9293,Cha 19,657.9134424232,1789.7410269669
9294,Cha 21,1198.4600158415,1371.385855096
9295,Cha 25,1737.758803937,1088.8999258908
9296,Cha 27,-2542.680910618,1659.9926174815
9297,Challenge class feature,2044.8655904918,720.934313227
9298,Champion of a God background,1479.6275528538,2050.8243330391
9299,Champion of the People background,1440.1375539327,1477.8323727327
9300,Changeling,3370.2602749603,1674.4807632189
9301,Channel energy 2d6,1849.7354308774,1382.2485620009
9302,Channel energy 3d6,262.4099270954,1900.7768644468
9303,Channel energy 4d6,1886.7468939794,1401.8880393258
9304,Channel energy 5d6,-1613.432766085,2865.148735153
9305,Channel energy 6d6,1511.6629926557,1758.5212969587
9306,Channel energy 7d6,1869.6700253133,1854.4411742952
9307,Channel energy 8d6,3024.7820057717,1800.8127638302
9308,Channel energy class feature,-91.8430008233,1553.0950016774
9309,Channel negative energy 4d6,2988.0897113428,-367.0299630026
9310,Channel negative energy 7d6,-1835.4995047677,1738.3393421835
9311,Channel negative energy class feature,-70.7471994221,2262.5693509201
9312,Channel positive energy 3d6,-1691.9021677151,-511.6168182565
9313,Channel positive energy 6d6,-2162.6656327579,1139.343735368
9314,Channel positive energy class feature,765.2540705157,2159.2249887982
9315,Chaotic evil,724.05349345,1147.1826079894
9316,Chaotic good,693.1401506145,1146.9984029503
9317,Chaotic neutral,910.0298060084,1311.1858375977
9318,Chaplain background,-2733.8166116933,1017.7922925912
9319,Character level 10th,2156.1736906061,159.820402584
9320,Character level 11th,1299.7986024093,974.7105741306
9321,Character level 13th,1594.1867465612,767.7922957988
9322,Character level 15th,2027.6588970931,811.7229351378
9323,Character level 17th,987.648855885,867.3944335083
9324,Character level 1st,1700.1004490087,1856.4985966317
9325,Character level 2nd,-1307.5800439337,-392.1904853628
9326,Character level 3rd,-253.426592323,156.9451109753
9327,Character level 4th,3340.7820526409,1332.13857779
9328,Character level 5th,1177.3559363129,557.2045078494
9329,Character level 7th,1678.075016873,466.5252180644
9330,Character level 8th,-212.7036608806,-2071.0728233471
9331,Character level 9th,2108.9897079048,851.7136586541
9332,Character level equal to or higher than that listed in your mount's Mastery entry,2270.7348845178,2385.6294236106
9333,Class feature that functions as the druid animal companion ability (including animal companion or divine bond (mount) or hunter's bond (animal companion) or nature's bond (animal companion) or the mount class feature) with an effective druid level of 7,2619.5232841773,2666.3039238014
9334,Cleric level 1st,-536.7388702297,2450.7531499026
9335,Cleric level 4th,1281.4225885399,2333.9501327586
9336,Cleric level 7th,2994.8126819699,-420.9638434781
9337,Climb 1 rank,3049.6104152293,1478.1319263646
9338,Climb 11 ranks,640.9954801732,-283.9454924809
9339,Climb 3 ranks,892.7673115163,-2288.5934684682
9340,Climb 5 ranks,816.8194727399,-292.6855851432
9341,Climb 6 ranks,1297.2479384731,-992.9830934256
9342,Climb 8 ranks,744.9079056638,-230.7189369222
9343,Cloak and Dagger Style,-21.4104491408,-1008.3042988658
9344,Cloak and Dagger Subterfuge,-153.1470090571,-1053.3256831349
9345,Close Quarters Thrower,382.7720050838,-1753.2603973948
9346,Cloud giant,317.0549002084,3457.9679737287
9347,Cold simple blast,-1402.8204723278,116.5174183083
9348,Cold subtype,2551.5929643394,-1008.2138635831
9349,Colossal,1492.9371709578,-1424.8778419982
9350,Combat Reflex,249.131033662,-715.2167341469
9351,Compatible alignment,2533.3430615978,1657.0238820407
9352,Compelling Harmony,23.5405455843,1354.8728365498
9353,Competition Champion background,1523.3064203259,2021.8282796342
9354,Con 13,1250.2869773372,-406.8240635119
9355,Con 14,2684.7667458576,-794.9806425257
9356,Con 15,1124.3190201046,-516.0361552751
9357,Con 17,1628.3171495178,-546.6310550124
9358,Con 18,2797.844835329,-146.2897900312
9359,Con 19,-386.2382618428,3136.9675260371
9360,Con 23,-1793.3919689027,2411.9036792796
9361,Conjuration (summoning) spell-like ability,-1003.9033605505,1610.0622374217
9362,Convince four different Eagle Knights and either a member of the People's Council or an Andoran town mayor to write letters of commendation on your behalf,1526.1041748917,961.821408652
9363,Corporeal undead,-716.6433054934,3261.1084616934
9364,Craft (alchemy) 1 rank,1097.7570207569,-189.2875887655
9365,Craft (alchemy) 12 ranks,-229.5886371517,1226.7849564687
9366,Craft (alchemy) 3 ranks,-690.0738740556,-61.5378411297
9367,Craft (alchemy) 5 ranks,2002.9397496383,261.2560888247
9368,Craft (alchemy) 6 ranks,551.1027417777,-441.9078732895
9369,Craft (alchemy) 9 ranks,-2430.4346986849,1720.6607252368
9370,Craft (calligraphy) 5 ranks,-1180.6582832366,1395.4773379119
9371,Craft (jewelry) 5 ranks,-940.5364898175,1637.8191457903
9372,Craft (mechanical) 5 ranks,-1731.132862391,211.2291543367
9373,Craft (mechanical) 7 ranks,-1878.6493955643,112.8476897908
9374,Craft (mechanical) 9 ranks,-1721.8929096851,91.3370147553
9375,Craft (paintings) 5 ranks,-1150.27747185,1420.5049968456
9376,Craft (poison) 3 ranks,1646.2595952924,-734.5543094768
9377,Craft (poison) 5 ranks,597.8396521839,877.3532713128
9378,Craft (poison) 6 ranks,1042.4380943233,-550.6353267586
9379,Craft (siege weapon) 5 ranks,-1875.58597376,371.7698912215
9380,Craft (tattoos) 5 ranks,-1204.6146560337,1405.1944353028
9381,Craft (traps) 5 ranks,3241.9997703827,1424.9250282663
9382,Craft 1 rank,-2334.732543376,1134.1946890853
9383,Craft 4 ranks,-2657.3036731605,548.6232665889
9384,Craft 5 ranks,637.1879538561,1549.918959039
9385,Craft Technological Arms and Armor,-1721.3998037587,129.0688693383
9386,Craven racial trait,2389.427268853,-1117.5506634322
9387,Creature has been a ghoul for at least 500 years,2274.4166482787,777.452742008
9388,Creature that has the constrict special attack as a racial ability,1295.0677416633,-859.7671424207
9389,Creature type other than humanoid or outsider,-1171.987748844,-817.8283454965
9390,Cunning initiative class feature,2782.0284023932,1733.4848846832
9391,Current Lover background,-2221.2843261091,2150.7028266948
9392,Cursed Birth background,1526.4633840786,2811.8045575437
9393,Cut from the Air,1212.5190815258,-1007.4771235787
9394,Damage reduction,1533.729727591,-1574.5759846859
9395,Dancing lights racial spell-like ability,149.9183929688,-2345.7311494048
9396,Darkness racial spell-like ability,245.0352508878,658.6829821085
9397,Darkness spell-like ability,913.2411205979,467.8851959609
9398,Darkvision,1797.0654605881,-1659.8079337257
9399,Darkvision 60 ft,1388.4809391147,1336.157037423
9400,Darkvision racial trait,-415.1045768167,-1046.1058872153
9401,Daylight racial spell-like ability,1988.1966470468,1329.0701939436
9402,Daylight spell-like ability,1934.6557704113,1306.519128135
9403,Death in the Family,-2401.2170263925,1433.2034051285
9404,Defensive training racial trait,360.9890124176,-745.8282986269
9405,Delayed bomb alchemist discovery,-1087.3493379785,875.3265587558
9406,Deliver touch spells ability,2940.3301168515,1079.3008696228
9407,Demon,1512.696977139,837.561091602
9408,Demon lord patron deity,-29.3612494577,2165.9961935799
9409,Despair special ability,618.089259427,2889.4376047832
9410,Detect alignment class feature,1803.2978283838,2136.1402215981
9411,Detect evil class feature,3036.308020765,2526.5798082581
9412,Detect evil spell-like ability,-1871.2468079442,-93.5449334051
9413,Detect magic spell-like ability,-1286.0411273184,950.5765950747
9414,Detect undead paladin class feature,3456.9624271044,862.0241313467
9415,Detect undead spell-like ability,-1899.8299469173,-99.4811552218
9416,Devil subtype,-1071.21176585,3190.1939320551
9417,Devoted background,-1988.6939600036,2150.4397861335
9418,Dex 12,-1109.263738332,-1000.4263624643
9419,Dex 13,458.2568261096,-1198.6079033492
9420,Dex 15,79.1673051107,-1346.8536308241
9421,Dex 17,187.0883246193,-1247.6650382431
9422,Dex 18,11.8726968093,-391.9703725726
9423,Dex 19,290.0572760696,-1618.9365170167
9424,Dex 21,-2293.7726491204,1784.9490345954
9425,Dhampir,-1198.0878064795,-78.4262693638
9426,Diabolical Upbringing background,1181.3781401848,3539.5651127282
9427,Diminutive,-221.7532339178,-1161.0720790605
9428,Diplomacy 1 rank,1126.1088794954,1199.3414748199
9429,Diplomacy 2 ranks,-918.0558649394,-1212.2481348996
9430,Diplomacy 3 ranks,1564.8365620276,3138.5019173092
9431,Disable Device 1 rank,943.893160794,-244.799419911
9432,Disable Device 5 ranks,-1779.9838666467,625.1102754859
9433,Discern lies class feature,-2534.0954926502,651.924064569
9434,Discovery class feature,3431.715455102,1899.7439904034
9435,Disguise 1 rank,29.4853051831,836.2874661147
9436,Disguise self racial spell-like ability,652.7598712349,3588.2987523846
9437,Dishonored Family background,2961.4170136512,2122.3716443571
9438,Dispel magic spell-like ability,-817.1319323517,693.4783275035
9439,Divine bond (mount) class feature,619.5053050048,699.7041595362
9440,Divine bond (mount) or hunter's bond (animal companion) or mount class feature with an effective druid level of 4,2317.8210493525,2276.0089866886
9441,Divine bond (weapon),-484.7072332071,-1576.429228618
9442,Divine caster level 5th,-61.1572791768,2164.9599828796
9443,Divine health class feature,-1801.6948444583,2724.4044278323
9444,Divine spellcaster,-2522.4615736169,1273.1656339295
9445,Domain class feature,-1054.3787590128,390.3340146513
9446,Draconic,489.125737112,924.1982885791
9447,Drafted background,-63.1723944443,3610.1738803341
9448,Dragon-scaled racial trait,2603.899137422,480.2042654047
9449,Drow,432.5250151659,572.8067131782
9450,Drow magic racial traits,993.5985875764,1109.1738489218
9451,Drow-blooded,972.9714293665,1086.5147104172
9452,Druid level 6th,-800.28615558,778.0176093675
9453,Druid level 8th,-856.0025908432,776.0894800058
9454,Drunken ki class feature,2294.9339309009,-203.7108121296
9455,Duelist of the Roaring Falls,1023.3506240803,-1736.9855688979
9456,Duelist of the Shrouded Lake,997.5665801412,-1747.5312263895
9457,Duergar,3035.5366514141,-738.5714274129
9458,Duplicate,931.2635774175,3448.9376245909
9459,Dwarf,664.5751159847,-603.1761695467
9460,Earth blessing,-184.1729701197,1980.8245447198
9461,Earth domain,-212.082236225,1963.4619308414
9462,Eidolon class feature,3722.7907186357,811.2333966123
9463,Elemental bloodline,471.6124609262,949.3159397851
9464,Elf,-14.2474225842,-478.042538759
9465,Elf blood racial trait,-1171.7406358445,3111.1476082488
9466,Elusive target class feature,-66.1161564263,-588.6371912955
9467,Escape Artist 1 rank,-897.8278443423,102.790052592
9468,Escape Artist 5 ranks,-1893.4053346808,563.6770359511
9469,Evasion class feature,1467.9918591077,-689.9996108671
9470,Evil alignment,-1776.1136868974,-558.8700313118
9471,Exotic Weapon Proficiency (Aldori dueling sword),916.4977916071,-1604.8276262924
9472,Exotic Weapon Proficiency (falcata),592.9432096329,-1977.5293879796
9473,Exotic Weapon Proficiency (firearms),146.0071108051,-2118.0001749848
9474,Exotic Weapon Proficiency (net),600.2165808519,-1462.0184787742
9475,Exotic Weapon Proficiency (sawtooth sabre),-326.2603699212,-1611.9291701065
9476,Expert trainer class feature (Advanced Player's Guide 33),3648.3003564035,967.9426987918
9477,Face 10 different devils in combat and take damage or suffer some other sort of injury from five or more attacks made by each one without falling unconscious or fleeing or otherwise becoming unable to strike back at them,2916.1975415452,1692.9876119829
9478,Faith-Bringer background,-1942.3502543524,2188.0038090113
9479,Familiar,2803.99323884,928.7496513643
9480,Familiar class feature,533.0915035565,812.6139423178
9481,Familiar effective level 5th,-2179.329785236,1939.9613791229
9482,Favored enemy (dragon),-1173.3961830479,2882.5492469245
9483,Favored enemy (giants),-854.3437294991,1224.6322917213
9484,Favored enemy (humanoid),832.8054623792,-76.9389414752
9485,Favored enemy (outsider),871.0367959989,-86.1199559069
9486,Favored enemy class feature,425.9853903822,88.4723245826
9487,Favored terrain (any plane) class feature,-573.204643519,924.6025458029
9488,Favored terrain class feature,1117.5742018747,1737.7953438488
9489,Fearless racial trait,2297.2979362194,-1121.0182863584
9490,Ferocity racial trait,1764.7868251216,-13.8629665692
9491,Fetchling,-1881.0026968536,-1512.1317362857
9492,Fiend Raised background,-2633.575734061,1505.8481089653
9493,Fiendish sorcery racial trait,1470.0919844193,744.084118476
9494,Fighter level 10th,-491.8129919583,-541.8869738284
9495,Fighter level 11th,-392.196725194,244.7070550102
9496,Fighter level 12th,152.7156410161,-2151.2829746345
9497,Fighter level 14th,1299.1256378616,171.7701875335
9498,Fighter level 16th,-193.4241089406,-873.6115941212
9499,Fighter level 4th,-196.6103258858,-1462.3804921575
9500,Fighter level 5th,-1298.5127991912,353.9872876373
9501,Fighter level 6th,-428.8870674535,-892.2679964937
9502,Fighter level 8th,-172.4966961679,-1774.6079461728
9503,Fine,-232.7700674079,-1148.1485219472
9504,Fire blessing,-167.0855761981,2004.5642615422
9505,Fire domain,-253.4108795828,1962.7011264453
9506,Fire simple blast,-1395.6766992302,156.8813695006
9507,Fire subtype,2556.4062748508,-955.9656612308
9508,First Kill background,1795.2033174304,2781.138827182
9509,Fleet of foot racial trait,2329.3719164481,-1181.3371591479
9510,Flowing monk level 12th,-34.1255913003,-576.8554440856
9511,Flurry of blows class feature,334.1261097617,-703.3560780416
9512,Fly speed,2259.9022037896,-1679.013849533
9513,Focus power class feature,2185.846808114,2809.7395000173
9514,Follower of the Green Faith,753.2456407291,2983.8213793295
9515,For Love background,-2289.425895872,2158.1968381448
9516,Frost giant,-341.21247622,3544.0533612062
9517,Gargantuan,1490.7267878393,-1409.7596256732
9518,Gate spell-like ability,-897.4014575,3360.9402477773
9519,Ghoul,1879.8867987172,938.8777726271
9520,Giant,1827.1754564378,-1593.0663303873
9521,Giant subtype,2016.3180880337,-859.3407111103
9522,Girtablilu,-1445.8584783977,493.4459954824
9523,Gladiator background,1485.1154980552,2020.9276790713
9524,Gnoll,1350.3130645595,-1864.9658792909
9525,Gnome,200.403067198,-327.9888633111
9526,Gnome magic racial trait,201.0742040688,-127.5473153172
9527,Gnome subtype,1609.9776105151,2956.0514379945
9528,Goblin,-1.5307187277,-245.346230472
9529,Goblinoid subtype,262.4626200762,-2239.8288786279
9530,Good alignment,1079.0175415702,486.2342035892
9531,Good standing with an evil organization,2080.1993689287,685.228688559
9532,Grab ability,1498.9869982359,-1268.5785059739
9533,Greater dispel magic spell-like ability,-794.6476423625,727.716459756
9534,Greater rage class feature,3648.5966462861,1458.6643811737
9535,Greater Weapon Focus with selected weapon,-278.1785546127,-2315.6471448065
9536,Greed background,2915.1385123689,1836.8372184682
9537,Grippli,3511.9804683227,1648.7795968256
9538,Grit class feature,-14.930897073,-1826.0617261089
9539,Gunslinger level 11th,-241.0207391876,-2368.4940995666
9540,Half-demon,1534.8326119956,817.3821002558
9541,Half-elf,811.9500828528,527.5822597525
9542,Half-ogre,1820.9814434647,-1645.0690772708
9543,Half-orc,1464.0221129493,-224.3816561703
9544,Halfling,1797.5583326957,-987.3646503759
9545,Halfling luck racial trait,2374.9680021481,-1167.4194060145
9546,Handle Animal 1 rank,320.2135322416,482.1550130404
9547,Handle Animal 3 ranks,3458.9987933255,1210.6579749586
9548,Handle Animal 4 ranks,2371.797915661,2348.614391532
9549,Handle Animal 5 ranks,730.0607834289,1199.5509126161
9550,Handle Animal 7 ranks,2694.6078133044,2666.6366607718
9551,Hardy racial trait,852.8090161801,-168.5469858329
9552,Harrowed (Pathfinder Campaign Setting: The Inner Sea World Guide 287),1430.1919296958,2959.0999333066
9553,Hated Foe background,-1021.1530088232,2665.8180902472
9554,Hatred racial trait,76.293381429,-760.0685142696
9555,Have a current lover,-2198.202669087,2194.5244504214
9556,Have a fiend-related sorcerous bloodline such as abyssal or infernal,-2555.5173474124,1465.4783452454
9557,Have been born on a plane other than the Material Plane,-1940.5862421188,1907.0527919408
9558,Have been left for dead by a former ally,2166.775663439,2677.8310148661
9559,Have been risen from the dead at the personal behest of a deity or godlike being,2594.0102922989,2406.6406682723
9560,Have direct celestial ancestry (such as by being an aasimar),3168.8129133685,2345.326147544
9561,Have direct fiendish ancestry (such as being a tiefling or half-fiend),-2595.7623860273,1421.5806165445
9562,Have performed at least five performances for audiences of 50 or more while achieving a great performance result or better on your Perform check,2863.9275567569,2245.9612491434
9563,Have refused an evil creature offering to cast a spell of 7th-level or higher on your behalf,429.9954277169,3651.1626172546
9564,Have the Child Soldier background,-122.4750198586,3643.934285589
9565,Have the Planar Offering background,422.874840154,3569.442218223
9566,Have the Wrong Enemy background,2147.2422631622,2611.4594914215
9567,Heal 12 ranks,817.6195716759,-773.1329594532
9568,Heal 3 ranks,-488.2809665773,-449.3885521527
9569,Heal 5 ranks,-594.3083341208,460.4730997236
9570,Heal 6 ranks,449.1656693907,-497.5509338166
9571,Heal 7 ranks,-1552.4408566468,1025.4367235594
9572,Heal 9 ranks,-223.8881266793,-427.2353696847
9573,Healed background,-2687.2821963815,1063.0239484414
9574,Heated rock special ability,904.5828022858,-1512.4068154545
9575,Hellknight 10 TPA,-2082.0432917947,2466.0359314942
9576,Hellknight rank,-2152.2082874496,2419.9464237767
9577,Hex class feature,-778.5833849486,-2017.3277338999
9578,Hobgoblin,366.7076225158,-688.7313164786
9579,Hold a leadership role related to running a kingdom,-1531.2298768862,2221.2077850994
9580,Hold breath,-277.3492275484,3365.1208114641
9581,Hold the Ruler leadership role for a kingdom,-956.3597857528,2447.0677822562
9582,Huge,1478.6193591208,-1430.0581769002
9583,Human,189.233925244,156.1112649631
9584,Human (Chelaxian),-492.3504172374,3442.3497216291
9585,Human (Garundi),2201.2132207142,1735.2765362228
9586,Human (Keleshite),1545.7063320918,3062.9520673153
9587,Human (Kellid),-1250.9587643731,-1541.3892915531
9588,Human (Mwangi),1349.8962759021,1447.7431139204
9589,Human (Shoanti),-2366.980712837,1585.2976018738
9590,Human (Taldan),-540.2678881708,3516.6008018915
9591,Human (Tian),577.9440457249,3711.3444985982
9592,Human (Ulfen),-1914.1056254744,2699.5186426155
9593,Human (Varisian),2218.3543570694,241.3275186722
9594,Human (Vudrani),-1377.5591451924,-686.8193467452
9595,Humanoid,1467.6200436375,1447.2009480845
9596,Humiliated background,820.4737500559,3644.3211111895
9597,Hunter level 16th,1677.6532129934,274.6881976922
9598,Hydraulic push spell-like ability,2031.3826168482,1091.8406885157
9599,Hypnotic stare class feature,1789.1219345312,3060.9980935148
9600,Ifrit,1923.5559198236,785.8345911031
9601,Illusion resistance racial trait,-323.313680311,38.1968665081
9602,Immunity to poison,2663.4927432505,-869.4602142842
9603,Implements class feature,11.7699880702,3377.3374520406
9604,Imprisoned background,2711.0090880926,2860.2667008234
9605,Impromptu sneak attack class feature,1805.5429625279,3421.449120982
9606,Improved Dirge of Doom,-139.5976301952,2918.6711018773
9607,Improved Evasion class feature,2238.4607873939,-780.9306107245
9608,Improved Weapon of the Chosen,623.6288077123,3150.1226886236
9609,Infuse weapon special ability,-2553.4261351863,1742.6229360194
9610,Inquisitor level 1st,-233.5103211979,1897.3746272018
9611,Inquisitor level 4th,1257.5160657611,2356.5362680544
9612,Inspiration class feature,-1212.6073770093,732.4190229413
9613,Inspiration pool,2079.4967135515,-184.0389762686
9614,Int 11,-1284.3196241434,-519.2339878008
9615,Int 13,10.8684903287,-821.5582521965
9616,Int 15,-364.9048463088,-150.8242300246
9617,Int 17,931.2078283291,1774.9036221754
9618,Int 19,765.4590722488,2104.3465845224
9619,Int 21,920.880906595,2033.0692619104
9620,Int 3,1275.0473363857,-862.4261428252
9621,Intimidate 1 rank,1078.5691339844,-555.5139264514
9622,Intimidate 10 ranks,187.3679127118,-464.6534963854
9623,Intimidate 11 ranks,2466.5358443118,-518.0668121308
9624,Intimidate 2 ranks,-316.1193863303,-774.5685482521
9625,Intimidate 3 ranks,1339.1230759129,-960.4526063736
9626,Intimidate 4 ranks,2460.6440202961,-615.1935664077
9627,Intimidate 5 ranks,1092.6563282554,212.0785089084
9628,Intimidate 6 ranks,1368.9822179482,-886.9366191518
9629,Intimidate 7 ranks,1785.1851753331,-626.7096563582
9630,Intimidate 9 ranks,1193.6875519622,-570.2356633972
9631,Intimidating racial trait,2044.7206216363,8.7095514246
9632,Investigator talent class feature,462.4856744934,3346.6208365896
9633,Jiang-shi,-153.6538171117,2738.0707294602
9634,Judgment class feature,1734.3211882906,346.7400744791
9635,Kasatha,457.5811473744,2283.7199321773
9636,Keen recollection class feature,-1349.3551337174,1214.3122869691
9637,Keen senses racial trait,-299.5460295042,-886.5191786126
9638,Ki pool,1104.5489973013,-1362.5765223434
9639,Ki pool class feature,731.9489934892,462.9408384409
9640,Ki Throw (see the Pathfinder RPG Advanced Player's Guide),1064.6462707885,1011.8951463373
9641,Kidnapped background,2737.697613805,2794.4887944134
9642,Kinetic blast class feature,-873.6017846565,-25.5891768851
9643,Kineticist level 6th,2437.8693944254,2471.5059067042
9644,Kitharodian Academy 15 TPA,116.2912106887,1388.6199115825
9645,Kitharodian Academy 20 TPA,126.9067350049,1504.9878374297
9646,Kitsune,70.8388578613,1005.1641038171
9647,Knowledge (arcana) 1 rank,-149.4495456335,465.3716333225
9648,Knowledge (arcana) 12 ranks,155.0856225454,-27.9081123224
9649,Knowledge (arcana) 2 ranks,-1299.6278857074,861.382309899
9650,Knowledge (arcana) 3 ranks,338.7862489637,325.4881325311
9651,Knowledge (arcana) 4 ranks,-888.2647016007,-1601.4859201291
9652,Knowledge (arcana) 5 ranks,744.3244286469,983.3557298885
9653,Knowledge (arcana) 6 ranks,409.3728013584,170.0513253923
9654,Knowledge (arcana) 9 ranks,352.3255317564,208.8867966593
9655,Knowledge (dungeoneering) 1 rank,774.9330827927,-67.6572271568
9656,Knowledge (dungeoneering) 3 ranks,218.4761533205,124.1943797855
9657,Knowledge (dungeoneering) 4 ranks,2267.0569991578,3169.2650282796
9658,Knowledge (dungeoneering) 5 ranks,129.4593770585,-19.1873929436
9659,Knowledge (dungeoneering) 6 ranks,3146.1126376069,36.195774525
9660,Knowledge (engineering) 1 rank,1989.921558429,2570.5846240367
9661,Knowledge (engineering) 10 ranks,3522.9397341063,719.0749223252
9662,Knowledge (engineering) 2 ranks,-835.5117943895,-594.4693952831
9663,Knowledge (engineering) 5 ranks,-1589.61330341,342.8624823294
9664,Knowledge (engineering) 7 ranks,-1949.6938460208,177.4329666771
9665,Knowledge (engineering) 9 ranks,-1452.2239159385,4.0675041535
9666,Knowledge (history) 1 rank,1157.561309293,1295.5982662928
9667,Knowledge (history) 4 ranks,-1109.722290421,-1969.6787035141
9668,Knowledge (local) 1 rank,854.3686337316,600.4399583668
9669,Knowledge (local) 3 ranks,239.8237381108,132.7060974882
9670,Knowledge (local) 5 ranks,303.9155504567,204.1243112004
9671,Knowledge (nature) 1 rank,811.0125863404,363.6577656487
9672,Knowledge (nature) 2 ranks,1685.4222186439,2926.2402243583
9673,Knowledge (nature) 3 ranks,552.3058761849,185.6421199932
9674,Knowledge (nature) 5 ranks,551.4152037128,402.6278828471
9675,Knowledge (nature) 6 ranks,1637.6258077992,-232.501132514
9676,Knowledge (nature) 9 ranks,-71.7477001092,-184.6687955397
9677,Knowledge (planes) 1 rank,687.9121430646,476.1491011957
9678,Knowledge (planes) 11 ranks,-949.3790611976,3285.3179349758
9679,Knowledge (planes) 3 ranks,71.3500040797,355.8296627362
9680,Knowledge (planes) 5 ranks,-254.8028869147,541.3607008169
9681,Knowledge (planes) 6 ranks,2505.3370218591,2906.0847005864
9682,Knowledge (religion) 1 rank,-112.7972077728,-54.5569920286
9683,Knowledge (religion) 3 ranks,474.4385798965,182.7818573407
9684,Knowledge (religion) 3 ranks.,137.3241560139,523.2999973335
9685,Knowledge (religion) 5 ranks,-92.3378175125,522.2917707548
9686,Knowledge (religion) 6 ranks,909.4231965652,2647.632750179
9687,Knowledge 1 rank,-146.5149710815,-657.9338304033
9688,Knowledge 3 ranks,-1277.1447509766,-626.2373694213
9689,Kobold,2266.6650371448,312.6807380099
9690,Kusari-Gama 25 TPA,823.9083810196,300.9223023608
9691,Large,1468.2796642674,-1408.7886955287
9692,Lashunta,429.5801313688,2303.1120843916
9693,Lawful evil,961.2250419815,573.9715777722
9694,Lawful good,672.4804616281,217.0209809785
9695,Lawful neutral,793.3890346074,629.3318858684
9696,Lay on hands class feature,431.563049654,1249.5739675553
9697,Leadership score 13,-1461.2962437904,2253.3290182793
9698,Leaping lance class feature,1772.0885682164,-1027.522348983
9699,Left to Die background,1612.4900083381,2805.7015639294
9700,Light and dark racial trait,232.6109629499,1750.0340504153
9701,Light armor proficiency,2804.6458621099,-1611.576104063
9702,Linguistics 1 rank,-532.78466564,361.6561899655
9703,Linguistics 3 ranks,-1006.1751671256,-1075.0782467093
9704,Lizardfolk,2155.8448053672,-1220.0776237325
9705,Low-blow racial trait,1620.0001308375,-1451.000020498
9706,Low-light vision racial trait,-460.8675463737,-1034.8380462266
9707,Magic jar as a known spell or spell-like ability,1324.1909507097,795.8086154017
9708,Magical beast,-1859.7803930295,510.9406721712
9709,Magus arcana class feature,-2160.0875413054,1338.9775035029
9710,Maintain a positive relationship with an organization for at least 6 months,1658.1253202233,3425.1242179866
9711,Major Disaster background,-1735.6434022211,2569.022624106
9712,Major hex class feature,-2744.696035562,853.1813397057
9713,Major magic rogue talent,1188.5341260712,2852.5500299563
9714,Marked by the Gods background,-1120.5568815427,732.5801932414
9715,Martial flexibility class feature,888.7235622569,3065.2437861485
9716,Maximized magic magus arcana,1117.2327106425,-1910.5315263245
9717,Medium,61.3012371803,-1065.4994768625
9718,Medium armor proficiency,2298.7899074255,-1576.3935077594
9719,Member of a Mammoth Lords tribe or following,3046.614286151,2252.5174364622
9720,Member of a Shoanti tribe,-2282.9712909119,1484.8946451367
9721,Member of the Daggermark Poisoner's Guild,1894.2027896669,214.7736201279
9722,Member of the Eagle Knights,2802.0523851248,224.1620933679
9723,Member of the Golden Legion,320.3311544193,3256.6961055627
9724,Member of the Gray Corsairs,845.4254130454,3241.3489461725
9725,Member of the Lumber Consortium,2436.7868243148,-551.164603421
9726,Member of the Primordial Ones,876.4469328224,113.1743714235
9727,Member of the Seven Houses,-674.5344840509,-798.3091526752
9728,Member of the Steel Falcons,437.8888995408,898.9551132562
9729,Member of the Twilight Talons,825.4287992388,102.2659906595
9730,Membership in the same organization as your cohort,2493.3982912617,898.770772454
9731,Mental focus class feature,-725.2353761924,1322.0425406598
9732,Mercy class feature,534.1489930934,1360.692370295
9733,Merfolk,-666.7255673171,-1148.6470759814
9734,Mesmerist level 11th,2037.6024782213,3319.5023455916
9735,Mesmerist level 13th,1894.8583674172,3215.034248525
9736,Mesmerist level 5th,1928.5390958243,3304.1238409127
9737,Mesmerist level 7th,2099.6635150383,3181.072014611
9738,Mesmerist level 9th,1984.4048647821,3108.5849043742
9739,Mesmerist trick class feature,1030.8714935246,3216.5647716796
9740,Minor magic rogue talent,1268.4662184855,2837.6658578897
9741,Monk level 10th,241.9546165949,-753.8350619294
9742,Monk level 11,2022.2606331992,-205.4161365077
9743,Monk level 11th,1030.1921731895,-438.4830512136
9744,Monk level 12th,1858.5533497059,-1176.9389517056
9745,Monk level 13th,695.6814656369,-695.879603454
9746,Monk level 1st,629.0365848025,-1110.0029542744
9747,Monk level 2nd,154.1814205534,-694.4769567187
9748,Monk level 3rd,496.9569876051,-707.7818347657
9749,Monk level 4th,459.4961207027,-1113.5223141046
9750,Monk level 5th,804.5633415679,-749.1337137868
9751,Monk level 6th,485.8021379153,-1056.3387376737
9752,Monk level 7th,487.1865659077,-947.5104423351
9753,Monk level 8th,775.229133105,-987.2022639536
9754,Monk level 9th,798.014124108,-725.9963855451
9755,Monster lore class feature,1761.8233636073,-1338.9110773683
9756,Moral Debt background,-1954.7270011374,2100.1174509616
9757,Moroi,-1272.0051773472,2344.4603389697
9758,Mount class feature,1292.1844135488,592.7047075984
9759,Mountaineer racial trait,719.8315470619,-1262.0049574379
9760,Multitalented racial trait,1162.4809782061,909.0914431728
9761,Mummy,569.6806726031,2830.5421416387
9762,Must be a member of the Cult of the Forgotten Pharaoh,-609.9249116489,2827.9668525334
9763,Must be able to speak Osiriani and Ancient Osiriani,1181.9656970256,1276.7494577462
9764,Must be taken at 1st level,1275.7247804167,981.1514741858
9765,Must have a familiar,-989.2684427418,-980.1824421856
9766,Must have a familiar with the decoy archetype,-393.091442006,2901.2052422944
9767,Must have a familiar with the deliver touch spells ability,-1960.0632336739,2335.1895484824
9768,Must have a familiar with the emissary archetype,-286.1577179037,2918.3924275464
9769,Must have a familiar with the figment archetype,22.2056369019,2765.0166638792
9770,Must have a familiar with the mascot archetype,288.1856338403,3149.5246314794
9771,Must have a familiar with the mauler archetype,299.2329582056,2956.3906174169
9772,Must have a familiar with the protector archetype,73.11462804,3104.7955970254
9773,Must have a familiar with the sage archetype,459.0636943532,2983.983229916
9774,Must have a familiar with the share spells ability,-1869.456418693,2322.3069910569
9775,Must have a familiar with the speak with master ability,-541.3000280681,2693.2991699979
9776,Must have a natural swim speed,-636.0640836997,47.9174997701
9777,Must lead at least 10 combat-capable followers (such as fighters or rangers),2521.4079899182,836.9209429021
9778,Must not have an animal companion or mount that advances as an animal companion,3302.1839043533,1274.6812947027
9779,Must personally create a token worth at least 50 gp prior to an 8-hour branding ritual during which you survive taking 2d6 points of fire damage,1667.9135771398,1857.862959612
9780,Must worship a deity,-399.8805588409,1131.7204277851
9781,Must worship a demon lord,-275.2216656796,762.7400919135
9782,Must worship a pantheon,936.5822021687,115.3453056403
9783,Must worship an empyreal lord,-223.5521101626,799.7794196934
9784,Must worship and receive spells from a deity,605.9393555347,3205.5742403514
9785,Must worship nature,1537.1461748956,1305.3947437993
9786,Mystery class feature,-1427.4609435501,641.9970448559
9787,Mythic tier 1st,-1610.3359445904,2410.3860949816
9788,Mythic tier 3rd,-469.509250316,3108.7849503594
9789,Mythic tier 4th,3780.12776178,564.6955903295
9790,Mythic tier 6th,2790.6500106761,2063.8652442062
9791,Nabasu,-1847.8734755172,2482.0812192863
9792,Naga,1287.419959998,-881.870412967
9793,Nagaji,30.8887567091,935.1483269327
9794,Nanite surge ability,1439.9759625469,-188.3326703751
9795,Natural armor,1910.8346329887,-215.5629053774
9796,Natural weapon,232.9091009961,-1076.7205996165
9797,Necromancer,-349.4298840669,1896.74972026
9798,Neutral,967.65385518,1409.3461885489
9799,Neutral evil,-2714.0851741718,1252.688443494
9800,Neutrally aligned cleric,-323.8214382385,1889.1978811698
9801,Ninja trick class feature,1510.6652511699,3380.0161273236
9802,Ninth Battalion TPA 25,806.7330932746,-25.5438156493
9803,No levels in a class that has the animal focus class feature,1089.6993717179,851.108803592
9804,No levels in a class that has the favored enemy class feature,1250.3890566432,3432.7886801867
9805,No levels in a class that has the inspiration class feature,-107.8136329952,-670.6716207563
9806,No levels in a class that has the panache class feature,-806.905243333,-1260.1191656337
9807,Non-good alignment,-1683.9306288613,-102.8887835675
9808,Non-humanoid body shape,-2604.8738793727,870.7572113687
9809,Non-lawful,1551.8160692521,46.1233730373
9810,Nosferatu,-1230.5736319811,2415.0514049381
9811,Occultist level 3rd,2823.1219347784,2464.7767291522
9812,Occultist level 7th,773.560851225,3165.5948050376
9813,Ogre,1606.9083401274,-1261.5081886452
9814,Old Cults 20 TPA,-2380.2387849802,2013.4074091898
9815,One metamagic feat,420.6473268047,1035.5225111841
9816,One other teamwork feat,193.1774291832,-2219.5829489251
9817,Opportune parry and riposte deed,-775.8670243534,3431.9010854372
9818,Or Ability to acquire a special mount,2890.0719325667,27.7488199761
9819,Or ability to cast illusion (figment) spells,-601.5327986311,1726.6824047962
9820,Or spell-like ability with the curse descriptor,1224.5130429969,1795.9829257116
9821,Oracle level 1st,-572.1185485825,2452.1061844255
9822,Orc,1443.344807223,-239.5330711037
9823,Orc blood racial trait,-1200.7360494938,3046.4480679896
9824,Orc ferocity racial trait,1799.1938130841,-185.9157671963
9825,Oread,2294.1350896716,1053.4238084015
9826,Outsider,-1205.5657209058,2072.4623772921
9827,Over the course of at least five different occasions free a cumulative total of 50+ sentient beings held in unjust captivity,3255.4230253362,2228.9390791523
9828,Own at least one building,-694.8676255527,2719.3317644484
9829,Painful stare class feature,2005.181458927,3217.2749287233
9830,Panache class feature,-533.263484129,-1147.1928299772
9831,Patron deity Zon-Kuthon,-2687.0220584104,1186.0185430596
9832,Perception 1 rank,-1322.7376329869,-279.2996080916
9833,Perception 10 ranks,-952.8174997202,-1238.4535389322
9834,Perception 15 ranks,-1210.3483761817,-1490.749399533
9835,Perception 3 ranks,-1808.2026769329,-1622.7354542019
9836,Perception 5 ranks,-1338.0188532542,-1405.7147800516
9837,Perception 7 ranks,-885.2037690774,-1070.3674021386
9838,Perfect clarity rage power,-1683.6892246693,-921.7833113463
9839,Perform (act) 3 ranks,2239.608735011,210.7305630136
9840,Perform (act) 5 ranks,793.2911181785,155.5578084042
9841,Perform (dance) 2 ranks,689.0556409818,-1906.6821826691
9842,Perform (dance) 3 ranks,1480.115363369,-61.3538292077
9843,Perform (dance) 4 ranks,-1472.7148400873,-1996.2187240291
9844,Perform (dance) 5 ranks,610.3697152867,-990.636609741
9845,Perform (dance) 8 ranks,876.5417580499,-283.4753885448
9846,Perform (keyboard) 10 ranks,77.9778551667,1262.0738931302
9847,Perform (oratory) 10 ranks,-0.3437488163,1429.1382650941
9848,Perform (oratory) 5 ranks,759.5944087048,151.3797731465
9849,Perform (percussion) 10 ranks,72.8791458059,1289.5664900026
9850,Perform (sing) 10 ranks,94.6477669343,1294.8889254199
9851,Perform (sing) 5 ranks,729.9435726374,153.8044756132
9852,Perform (song) 10 ranks,-348.757170642,1662.1157919242
9853,Perform (string) 10 ranks,53.3025765537,1244.4990023227
9854,Perform (wind) 10 ranks,54.585280582,1271.0627348133
9855,Perform 1 rank,235.7023464487,1006.9717011504
9856,Perform 5 ranks,297.1960001643,1174.5293750455
9857,Personal motivation to clean up a particular town (such as an old friend calling in a favor or seeking a place to settle down),1442.1424442622,1006.8529963776
9858,Pesh addict,2398.4137039242,1847.8670340762
9859,Phantom class feature,-882.039063275,3034.1812198103
9860,Phantom with the deliver touch spells ability,-788.3469905434,2952.4782444741
9861,Phantom with the incorporeal flight ability,-939.5587283634,3125.8640899531
9862,Phantom with the magic attacks ability,-931.5548429919,2922.9483751742
9863,Phrenic amplification class feature,2059.2024017178,2745.6307103303
9864,Phrenic pool class feature,1446.0693535589,3145.4044818323
9865,Pistol-whip deed,-247.2345059338,-2220.92243048
9866,Plane shift spell-like ability,-954.6873668057,3372.8807590498
9867,Plant domain,816.8912762233,1072.2898172039
9868,Point Blank Shot,58.7862487869,-1440.2479302851
9869,Point-Blank Master,421.1656630445,-1737.8374622492
9870,Poison lore class feature,1913.1547490648,190.7016008233
9871,Poison use class feature,1181.2858614637,-230.2315955545
9872,Potent Surge,-465.6904818768,3019.9768263223
9873,Preservationist alchemist archetype,-2060.011334206,1933.6020078423
9874,Profession (brewer) 1 rank,1107.7240294576,-61.5161373108
9875,Profession (sailor) 5 ranks,-1678.214111848,2274.3500728873
9876,Profession (siege engineer) 1 rank,-1873.23595503,401.7027577321
9877,Profession (siege engineer) 5 ranks,-2006.7859421957,356.3429237712
9878,Profession (siege engineer) 7 ranks,-2119.7191156395,234.4150908478
9879,Profession 5 ranks,783.3769696135,2031.2155488517
9880,Proficiency with a shield,249.3998151569,2217.4112205813
9881,Proficiency with armor,-2395.6780409395,547.8674914259
9882,Proficiency with armor spikes,3294.1646371723,2093.3097308124
9883,Proficiency with at least one firearm,422.7999812621,-213.77342342
9884,Proficiency with at least one firearm siege engine,-2122.2894214616,270.4718650438
9885,Proficiency with chosen weapon,60.6702357157,-1723.5823058558
9886,Proficiency with crossbow,-19.9484355081,-2431.3349286005
9887,Proficiency with halfling sling staff,-86.1542900732,-2310.4436626305
9888,Proficiency with hammer,-156.5840073171,-1485.9871311151
9889,Proficiency with heavy crossbow,-693.4898165893,-1407.2703171681
9890,Proficiency with light crossbow,-690.200239811,-1373.122620249
9891,Proficiency with longbow,1944.5380627985,2145.0186485458
9892,Proficiency with martial weapons,151.6691075086,-657.3595312385
9893,Proficiency with musket,-718.4154183178,-1379.0049170087
9894,Proficiency with one siege engine,-1986.0793368753,313.1426955715
9895,Proficiency with scimitar,655.4619733283,-1906.5029875995
9896,Proficiency with selected shield,322.6522590992,-2192.5353953262
9897,Proficiency with selected weapon,18.6386344715,-1746.1595929617
9898,Proficiency with shield,-2368.0942788388,476.5288436618
9899,Proficiency with sling,-263.3798787127,-2182.6401605667
9900,Proficiency with the dwarven dorn-dergar,432.4061665048,-1905.8018459139
9901,Proficiency with the rhoka sword,1254.1268282643,-2012.5791306698
9902,Proficiency with the selected weapon,146.2842458337,-1755.8151133006
9903,Proficiency with warhammer,2033.9801138308,1967.827243164
9904,Proficiency with weapon,593.8454696714,-1646.8682919253
9905,Proficiency with whip,824.1786930657,-2154.3086187979
9906,Proficiency with your deity's favored weapon,-85.7973063026,1875.8747839154
9907,Prophets of Kalistrade 10 TPA,3223.5761635748,1697.3157875861
9908,Psychic discipline class feature,33.9569812396,3554.0295634938
9909,Psychic inception bold stare,1747.45571528,3145.9973427
9910,Qadira affinity,1618.8478159304,-1876.1229511881
9911,Quadruped animal,-2074.6508599806,622.3859024707
9912,Quivering palm class feature,2012.5797726862,-477.7754209611
9913,Racial spell-like ability replicating a spell of 1st level or higher,-1379.0973400668,1501.8143992716
9914,Rage class feature,1197.3619459865,-168.9765398706
9915,Rage power class feature,3532.0915221976,1526.6968176573
9916,Raging song class feature,270.3231123949,983.9609644319
9917,Raiders background,-913.0852075361,2662.6164399652
9918,Raised Among the Dead,911.1137321261,2880.0464563371
9919,Raised by Beasts background,-1347.0726616875,2538.513466149
9920,Ranger level 5th,3461.3092725283,1410.3736254322
9921,Ratfolk,-1840.0004784731,-1348.97387139
9922,Received a vision from your god (or another appropriate supernatural entity),-1099.9790337406,757.7103167171
9923,Regeneration,489.1315282803,-132.8085994107
9924,Reincarnated background,472.1457515124,2769.3147738647
9925,Rend special attack,231.0181189388,-499.2632947987
9926,Reptilian subtype,-796.9619991902,-240.1890797976
9927,Revelation class feature,1795.8275575489,-705.6304647845
9928,Ride 1 rank,1631.843516854,-1796.0592747132
9929,Ride 11 ranks,1759.0035910061,-996.5960827494
9930,Ride 14 ranks,1968.9035844156,-2215.5997268894
9931,Ride 3 ranks,1600.9579024901,-1900.5321675674
9932,Ride 4 ranks,2373.7470914331,2293.725385173
9933,Ride 5 ranks,1986.5973561459,-2119.0781033829
9934,Ride 6 ranks,3726.2390871157,1002.5554968083
9935,Ride 9 ranks,2019.899447438,-2175.8218332067
9936,Risen Guard 10 TPA,3015.1195861125,-274.0847002174
9937,Risen Guard 15 TPA,2330.0711366713,-292.9379941487
9938,Risen Guard 20 TPA,3481.8602319953,1779.3115352127
9939,Risen Guard rank,2556.0319376799,-296.73731423
9940,Rock throwing,1585.4241561053,-1623.3902083915
9941,Rogue talent class feature,3687.31264046,1235.055258681
9942,Sacred weapon class feature,-478.8675070422,-1603.5291325349
9943,Sahuagin,-369.132222448,-1337.8928934421
9944,Same alignment as chosen deity,2422.5555099738,3066.2054454477
9945,Samsaran,-12.135364601,923.2676772475
9946,Second judgment class feature,3360.6618472469,1516.7740031567
9947,Secret Society Inductee background,1132.1848519817,3497.2776935121
9948,Sense Motive 1 rank,-933.2759261404,-56.9754322751
9949,Sense Motive 3 ranks,-709.8852188028,-643.6663426157
9950,Sense Motive 5 ranks,1029.5496568329,1710.2899647542
9951,Sense Motive 9 ranks,44.3618155238,-282.099893273
9952,Serpentfolk,1370.6876044133,-778.74887745
9953,Shadow blending racial trait,180.9238238247,3302.6031769064
9954,Shadow call shadowdancer prestige class feature,127.309811861,3336.5717467488
9955,Shadow demon,1704.3146241617,1102.5012548792
9956,Shadow illusion shadowdancer prestige class feature,567.8988633844,3586.5991445161
9957,Shadow jump shadowdancer class feature,1466.6028158256,3530.4839518931
9958,Shadow walk spell-like ability,-2063.0669457342,-1521.0823420389
9959,Shadowy resistance racial trait,-2062.7955203329,-1441.7617669913
9960,Shaman level 6th,-1146.911435932,-2151.9751175706
9961,Share spells ability,2673.1455603562,831.5906269477
9962,Shared consciousness class feature,154.5322726754,3579.6322796049
9963,Shield ally class feature,1094.0662330998,3001.9210536315
9964,Shield Proficiency (buckler),599.0012826096,-2006.2711383131
9965,Shield Specialization with selected shield,407.7233449663,-2343.449744433
9966,Siege Weapon Engineer,3550.7739410467,794.0154945203
9967,Skill Focus (Diplomacy),2192.371091798,1510.7232547271
9968,Skill Focus (Fly),1737.2969195108,-1298.7668052032
9969,Skill Focus (Knowledge [any]),621.6681306481,1912.0604431811
9970,Skill Focus (Linguistics),-1313.125474214,2926.0304829873
9971,Skill Focus (Perception),-482.7662234514,34.7840874547
9972,Skill Focus (Stealth),1510.0992868576,-2035.5697927516
9973,Skill Focus with the class skill of bloodline selected for this feat,223.5827290593,820.7226199727
9974,Skilled Driver with the selected vehicle type,-2772.3162715801,570.2410289913
9975,Skinwalker,1160.2445963031,-912.9641423116
9976,Slayer level 11th,2482.2181826319,-545.3868278395
9977,Slayer level 1st,-751.1724048544,-1056.8993212728
9978,Slayer level 4th,2482.7475359768,-596.6466714997
9979,Slayer talent class feature,1623.8388758776,3274.8486878339
9980,Sleight of Hand 1 rank,70.2987440675,-1540.5655620824
9981,Sleight of Hand 3 ranks,231.0129103702,-2239.3024370052
9982,Sleight of Hand 5 ranks,-1378.3464678938,-1244.5852245485
9983,Slow and steady racial trait,3255.034651431,-645.0724036185
9984,Slow fall class feature,1696.1910727053,-968.8237307052
9985,Small,-252.2835457033,-1162.792041943
9986,Smite evil class feature,1522.6015218548,-960.3908145974
9987,Snake Sidewind,26.8211598264,-299.2640783349
9988,Snatch and Drop,1835.4721395783,-1778.3388272501
9989,Sneak attack +1d6,-404.5885106292,-1169.0788824697
9990,Sneak attack +2d6,2008.8974490078,-1981.4246705636
9991,Sneak attack +3d6,-1480.2560428566,-1108.2460651407
9992,Sneak attack +5d6,-2222.0089936945,-961.6832826627
9993,Sneak attack +6d6,1240.13547313,-438.8941753438
9994,Sneak attack class feature,1371.4704503391,-382.8197628423
9995,Sole Survivor background,2032.4184538812,2872.1950726786
9996,Sorcerer bloodline class feature,292.4962974011,462.9130090826
9997,Sorcerer level 3rd,-210.3369970181,1248.4452780036
9998,Speak with animals of its kind ability,2988.8849091217,1004.9681480731
9999,Speaks Draconic,-262.3236221882,3035.3742286186
10000,Special attack,3120.0646446395,1244.5913511213
10001,Specialized arcane school class feature,-2139.4931063677,2022.4385393963
10002,Spell Focus (any school),2933.8427079973,2626.3717638054
10003,Spell Focus (any),2343.1049858353,1730.2292817499
10004,Spell Focus (conjuration),1560.7136855164,1229.1313764434
10005,Spell Focus (divination),-1008.335506471,-947.7534832664
10006,Spell Focus (enchantment),2783.0128910291,-46.2450453763
10007,Spell Focus (illusion),-1049.1360531941,1820.3041759315
10008,Spell Focus (necromancy),934.1953930875,2518.8712866047
10009,Spell Focus (transmutation),-2782.5453353287,78.2495553394
10010,Spell kenning class feature,-1101.5144898946,2409.3938216417
10011,Spell recall class feature,-1323.520375789,1523.7928731609
10012,Spell-like abilities drow racial trait,423.9766315064,1113.1632258333
10013,Spell-like ability at caster level 10th or higher,-2772.96775557,196.3113087766
10014,Spell-like ability at caster level 6th or higher,3175.2968465296,1088.1092092398
10015,Spellbook class feature,-494.0602381084,445.3963415616
10016,Spellcaster with familiar class feature,-2513.5745250317,1106.8035241287
10017,Spellcraft 1 rank,53.0800820335,-19.1488922109
10018,Spellcraft 10 ranks,2956.0902743651,128.7400417443
10019,Spellcraft 15 ranks,-1452.5410561036,1538.2529774035
10020,Spellcraft 3 ranks,-1000.4415345651,-1035.6417911247
10021,Spellcraft 5 ranks,-1134.3790682775,1256.8693699823
10022,Spellcraft 6 ranks,-2004.9671963638,2595.1346187483
10023,Spellcraft 7 ranks,2225.85222448,1788.2697261679
10024,Spellcraft 8 ranks,-651.7241481171,-174.2669188414
10025,Spellcraft 9 ranks,-1346.0291296486,1304.7222429035
10026,Spirit bonus class feature,-188.5732905135,3184.0664408341
10027,Spirit magic class feature,2271.8118292474,2967.1990684355
10028,Spiritual interference class feature,2587.4277010086,2556.8539234232
10029,Spiritualist level 15th,-993.9836465425,3011.8573123615
10030,Split hex,-2735.8297838013,693.2908777342
10031,Spontaneous spell mastery class feature,-468.0299064009,3293.8153215217
10032,Sprinter racial trait,867.9333023939,-1771.8589895498
10033,Stability racial trait,746.2570604308,-1245.8651249896
10034,Stealth 1 rank,2743.2493595503,396.4861805499
10035,Stealth 12 ranks,-148.3747854127,3350.2170557561
10036,Stealth 3 ranks,221.0870275549,-2530.6252144371
10037,Stealth 4 ranks,2655.6221122441,507.1423543712
10038,Stealth 5 ranks,-436.746835501,-1958.5285128464
10039,Stealth 6 ranks,1062.4888347469,-2303.8871948187
10040,Stealth 9 ranks,113.6997988184,3258.1107894075
10041,Stench universal monster ability,2759.8424527651,-799.8517386506
10042,Step-Up,1030.664481158,2893.2700443497
10043,Stern gaze class feature,933.2975040561,1143.6962598665
10044,Sticky tongue,2363.0313080865,-407.0633198213
10045,Still mind class feature,972.2446917324,215.883564926
10046,Stone giant,1464.0644632267,3268.374364297
10047,Stonecunning racial trait,1028.9137851833,427.4075896258
10048,Storm giant,337.6054143766,3423.0801834079
10049,Str 13,1091.5764319601,-1119.0383940932
10050,Str 15,917.7587598281,-883.3926592382
10051,Str 17,1754.8907984562,-480.8094159409
10052,Str 19,2140.1736485116,-1727.4925465757
10053,Str 21,2199.1210635831,-1469.6993456754
10054,Str 25,1445.887963469,-1424.8291868737
10055,Strix,1393.707318915,-476.8930537243
10056,Studied combat class feature,-525.6836158833,-1981.1058268277
10057,Studied strike +3d6,-948.9510748667,-1117.1542324432
10058,Studied strike +4d6,1752.3734237698,169.7249914686
10059,Studied strike class feature,2074.784431912,-215.6800663149
10060,Studied target class feature,-2030.9275580925,-1007.6113024987
10061,Sufficiently high level,2267.2263400372,1479.0271246326
10062,Suli,2640.5199844131,1968.5131015606
10063,Summon familiar class ability,-297.8931499017,791.6697085997
10064,Summon monster as a spell-like ability,-432.0344684294,2802.4869706284
10065,Summoner 1st,-459.7689019439,2753.0766437445
10066,Sunless background,2081.4804777239,2935.1459420212
10067,Surprise Follow Through,1383.5797857314,-1188.7623593268
10068,Survival 1 rank,2329.9123463973,62.9993062132
10069,Survival 3 ranks,1157.7057870708,895.7777643264
10070,Survival 5 ranks,3490.9327858153,1039.9325078072
10071,Survival 8 ranks,3590.992989963,1092.5741101847
10072,Svirfneblin,2613.7984661152,2136.177035035
10073,Swarming racial trait,-611.7591511865,-1527.2331634339
10074,Swashbuckler level 1st,-1110.9358298993,-969.1912803331
10075,Swim 1 rank,1835.9468768797,2575.2670957472
10076,Swim speed,2678.1115447633,-1342.8297801702
10077,Sylph,2221.8344730198,1091.4631967206
10078,Tactician class feature,3361.5770778804,1086.6330507555
10079,Take at least 10d6 falling damage on three different occasions and survive,3137.2116045946,1935.3141637981
10080,Temptation background,2494.3693351394,2685.6168021684
10081,Tengu,582.8417344237,543.251873073
10082,Terrifying croak,-1613.9408912407,2666.054504691
10083,The Dead One background,866.1687778019,2935.1392354501
10084,The Fiend background,-2645.580974216,1444.5633269658
10085,The Kill background,1870.3815343636,2756.5193391729
10086,The Lover background,-2288.2643984375,2215.2150646691
10087,The War background,-2351.714104076,1359.1886762291
10088,The Way Things Work background,-2141.7392272575,1451.2120726197
10089,Three or more arms,-2296.4074331408,1819.8079377096
10090,Three or more hands,539.6108068556,-1972.5941496257
10091,Three or more natural attacks,-2737.9192403069,329.7250264288
10092,Tiefling,1087.068708253,345.9877755676
10093,Tiny,-216.2893832628,-1145.0915521406
10094,Touch of corruption class feature,470.3597591683,24.6807336702
10095,Touch treatment class feature,2340.2658640131,2564.2130384799
10096,Trap class feature,3535.1592098078,1366.0656343343
10097,Trap sense class feature,-722.0048328028,-806.9223776997
10098,Trapfinding,-1817.6490496309,751.536956073
10099,Triaxian,472.0234082488,2309.9868792236
10100,Troll,303.5822686779,-260.6019683148
10101,True healer class feature,168.3669963285,1682.1355778235
10102,Tumor familiar alchemist discovery,-2204.7107777261,1239.4249366869
10103,Two claw natural weapon attacks,989.3870723096,-1515.3481094639
10104,Two or more style feats,902.7231608731,-798.8922981167
10105,Two racial spell-like abilities usable once per day,3264.874990663,-718.1712867379
10106,Two subtypes,-1128.0495125012,3040.9551967764
10107,Ulfen Guard TPA 20,1512.7144279971,603.0887122418
10108,Undine,2172.6768320514,1086.7329750897
10109,Urdefhan,1151.4286682568,-2036.986002142
10110,Use Magic Device 1 rank,3020.3127577672,-207.3892090624
10111,Use Magic Device 12 ranks,3371.5438024637,2000.3401849961
10112,Use Magic Device 2 ranks,2977.9434921794,-166.5733057726
10113,Use Magic Device 3 ranks,1220.6309490212,3106.627649253
10114,Use Magic Device 4 ranks,1228.037961616,3287.4674155567
10115,Use Magic Device 5 ranks,-1466.7035441794,753.4657216971
10116,Use psychic spell-like abilities,-862.2756146421,-395.2131612986
10117,Vampire,-1778.6081619718,-138.1278572169
10118,Vanara,-1167.5962487603,-865.8293701821
10119,Vengeance background,-927.8759866729,2704.8025160268
10120,Versatile performance class feature,-632.8467699616,2369.183549195
10121,Virtuoso background,2809.5015739947,2311.4123906412
10122,Vishkanya,2775.6142563007,1885.1208949858
10123,Voice of the Siby,3128.0867505759,2054.3915426416
10124,Walkena worshiper,1713.0485690619,1828.9874792829
10125,Wandering hex class feature,2855.7756484676,2731.6855979919
10126,Warpriest level 16th,1701.6914022855,256.1468916408
10127,Warslinger racial trait,1435.5624446089,-2088.2112025453
10128,Water blessing,-235.9267093454,2013.1975103959
10129,Water domain,-199.8731275915,2014.5069090767
10130,Water simple blast,-1424.4694310581,138.2868121926
10131,Wayang,176.3180889535,1200.4640937439
10132,Weapon expertise class feature,781.6697947776,-1357.9951352194
10133,Weapon familiarity racial trait,791.149138941,-914.4284184769
10134,Weapon Focus (Aldori dueling sword),907.6013428079,-1619.9701443896
10135,Weapon Focus (any two-handed reach weapon),-1672.5147021596,-2021.930395391
10136,Weapon Focus (bite),1342.7262263059,-805.2874747702
10137,Weapon Focus (earth breaker),709.5211729947,-1551.8997675509
10138,Weapon Focus (falcata),629.7813079016,-1988.2335087205
10139,Weapon Focus (greataxe),836.1578245596,-1138.6367165953
10140,Weapon Focus (klar),681.9733862529,-1568.844665643
10141,Weapon Focus (longsword),1226.9077353371,2344.2187969014
10142,Weapon Focus (quarterstaff),114.8644933244,-783.7613996553
10143,Weapon Focus (rapier),614.1118381304,-1879.7787739834
10144,Weapon Focus (rhoka sword),1044.4675128684,-1872.2500020881
10145,Weapon Focus (scimitar),1214.0356387084,461.9902530129
10146,Weapon Focus (sling),1402.2644706988,-2040.2140718208
10147,Weapon Focus (spiked chain),-341.3789372127,-1460.0064061693
10148,Weapon Focus (unarmed strike),206.43271595,-370.0626591248
10149,Weapon Focus (whip),1382.2034606575,-845.554836883
10150,Weapon Focus with both wielded weapons,265.9375613804,-682.448297183
10151,Weapon Focus with chosen weapon,665.2592431827,-1860.9637645049
10152,Weapon Focus with deity's favored weapon,553.8013276741,3205.8146253999
10153,Weapon Focus with selected natural weapon,1267.5799783919,-487.9677779558
10154,Weapon Focus with selected ranged weapon,412.3161549367,-1767.722986488
10155,Weapon Focus with selected thrown weapon,343.7299647825,-1699.8062210927
10156,Weapon Focus with selected weapon,-278.7369783325,-2040.2494407836
10157,Weapon Focus with the chosen melee weapon,915.8291591331,-1301.4041980243
10158,Weapon Focus with the chosen weapon,218.2520940023,-1289.5839751711
10159,Weapon Focus with your deity's favored melee weapon,-84.3340548235,795.4278624678
10160,Weapon Focus with your deity's favored weapon,624.7877961841,3029.5173547106
10161,Weapon made of primitive material,999.5614368859,-1945.5331966581
10162,Weapon of the Chosen,573.7721492484,3108.8059496532
10163,Weapon Specialization (quarterstaff),-172.0852296591,-773.6450939834
10164,Weapon Specialization with selected piercing melee weapon,1026.8217441736,-326.3087660382
10165,Weapon Specialization with selected ranged weapon,3292.4688479596,943.4724047809
10166,Weapon Specialization with selected weapon,-306.3417919004,-2294.6884200255
10167,Weapon training (thrown) class feature,1466.1585794415,-2080.3667828065
10168,Weapon training class feature,-799.7560889301,203.600056525
10169,Weapon training class feature with a melee weapon,1046.0543162159,-1040.3776787475
10170,Weapon training class feature with a ranged weapon,575.3025434558,-1406.9192797552
10171,Werebat-kin,669.0154118095,134.9116656856
10172,Whispering Way 15 TPA,-657.2555074769,3320.3135303865
10173,Wild empathy class feature,663.8017072955,1602.533906105
10174,Wild shape class feature,-412.7123672797,529.9576381326
10175,Wing-clipped racial trait,1781.6222226289,-1179.0098386279
10176,Wis 11,1821.8651212991,465.5016321103
10177,Wis 13,643.2979005777,-403.5993615545
10178,Wis 14,2541.9124169067,-337.4210328408
10179,Wis 15,899.2460917924,-400.7044563504
10180,Wis 17,1118.1681951736,-166.312642295
10181,Wis 18,1137.5636792246,-634.9458212068
10182,Wis 19,1906.5249760741,643.8284374531
10183,Wis 21,1506.6091447828,647.9172484352
10184,Witch class,2466.9514824024,2217.6582104394
10185,Witch level 10th,-2779.3338490769,435.0071809197
10186,Witch level 6th,-1136.582444826,-2182.5377647418
10187,Wizard level 10th,-2226.377135532,2028.0829542914
10188,Wizard level 1st,3502.1800856747,420.1962374012
10189,Wizard level 8th,3510.9443650371,542.8736578442
10190,Wizard school class feature,1151.6080135184,-339.3019134874
10191,Woodland stride class feature,-341.684601489,-1691.2333251875
10192,Worshiper of a demon lord,3104.7033471378,1816.51426398
10193,Worshiper of a good deity,892.5947870991,1042.544157487
10194,Worshiper of a Great Old One or Outer God,-648.1610943952,895.9774280977
10195,Worshiper of a malbranche,-1702.050093562,2890.2917287517
10196,Worshiper of a whore queen,-1660.2302826633,2936.2101522915
10197,Worshiper of Abadar,-673.4487460443,271.7822340877
10198,Worshiper of Achaekek,-339.7479697772,-1584.2993476905
10199,Worshiper of an archdevil,-1676.4244205784,2847.0041616533
10200,Worshiper of an elemental lord,-2439.4950034013,1914.7297156437
10201,Worshiper of an empyreal lord,-47.4654685781,-1586.6038472328
10202,Worshiper of an infernal duke,-1612.072285522,2918.333178238
10203,Worshiper of Apsu,-284.0466429711,1846.6494875347
10204,Worshiper of Asmodeus,1927.9041812917,1259.7080377482
10205,Worshiper of Calistria,1098.2661152083,1348.053468235
10206,Worshiper of Cayden Cailean,1965.5295940761,1324.4393960138
10207,Worshiper of Dahak,-1101.928130439,2863.6888832155
10208,Worshiper of Desna,-120.4396381247,749.7460521386
10209,Worshiper of Erastil,1820.4269567779,1900.123399865
10210,Worshiper of Ghlaunder,197.5349791974,2243.2367534533
10211,Worshiper of Gorum,2571.1500042129,-409.3744406447
10212,Worshiper of Gozreh,-796.8734123808,-973.9376932478
10213,Worshiper of Gyronna,1614.1016862893,2068.4101360407
10214,Worshiper of Iomedae,1213.1522306169,2058.7636456834
10215,Worshiper of Irori,351.6413167633,1385.2723031622
10216,Worshiper of Kurgess,-666.661977407,-15.0414542279
10217,Worshiper of Lamashtu,1754.0776038989,-576.8407474989
10218,Worshiper of Milani,275.502842091,2255.4784403844
10219,Worshiper of Nethys,-1740.3455111929,1827.1081195068
10220,Worshiper of Norgorber,885.9049471966,328.0313829192
10221,Worshiper of one of the Eldest,-2086.3649493854,2328.4718127522
10222,Worshiper of one of the Four Horsemen,-338.9254424646,1827.763707828
10223,Worshiper of Pharasma,-1778.6331511588,43.7324630844
10224,Worshiper of Rovagug,1948.1024898286,-1254.8879284287
10225,Worshiper of Sarenrae,144.8667675801,975.7332433313
10226,Worshiper of Shelyn,-484.949151669,2243.439743166
10227,Worshiper of Sivanah,-580.9638602462,1755.6675778489
10228,Worshiper of the Destroyer,1692.55754217,18.5568819756
10229,Worshiper of the Fire God,1880.9640129332,-54.6623488139
10230,Worshiper of Torag,1835.3927957981,1699.6689414418
10231,Worshiper of Urgathoa,628.5474465739,2062.6567578935
10232,Worshiper of Zon-Kuthon,2272.6171227243,247.9431236158
10233,You have at least two other teamwork feats,518.3746833711,-2374.0177185604
10234,You have no levels in a class that has the grit class feature,-137.9750012849,-2033.9558916098
10235,You may only select this feat at 1st level,189.5416284281,2798.6364433929
10236,You must be non-mythic,-1184.4997829469,2555.7238258557
10237,You must be ordained as a sacred (or profane) champion of your faith by a high-ranking member of its clergy,-1894.3266992493,2148.701174243
10238,You must be related to an outsider,-1994.9773552044,1843.9856838421
10239,You must carry a curse that can be lifted only by a quest or similar great undertaking,1452.0664359609,2835.4050423245
10240,"You must either have sold five or more self-created works of art worth a total of at least 5,000 gp",2878.8413667376,2317.3269991986
10241,You must have a close family member or other loved one slain by a specific challenging foe or that foe's minions,-846.0771520459,2733.9232259867
10242,You must have a close relative or spouse or other person dear to your heart who never returned from a journey or was captured or otherwise vanished with little trace,-1666.5475603438,2520.8429086846
10243,You must have a romantic interest who has fallen to some dark influence and rejects you out of shame or fear of newfound capabilities,2428.7216891709,2646.545944736
10244,You must have at least one enemy who wishes to cause you great harm,2120.5733887262,2365.6646675731
10245,You must have been defeated and robbed of at least half your possessions by a particular group of humanoids or monstrous humanoids,-986.8305078458,2714.5874340888
10246,You must have been defeated by the same individual or organization or creature type at least four times,743.22010388,3660.7816568409
10247,You must have been enslaved for at least 6 months,2657.2155318619,2809.2473378339
10248,You must have been publicly embarrassed,2741.3059422782,2156.4781113522
10249,You must have been rendered unconscious and left for dead on a battlefield between warring factions,-140.7430171871,3577.2727855064
10250,You must have been slain and brought back from the dead,1576.614002639,2752.1502380647
10251,"You must have built a structure worth at least 5,000 gp",1988.7846248784,2484.6055609911
10252,You must have come within sight of a legendary artifact at some point in your past,2639.9692599201,2324.6724243825
10253,You must have created a new spell,-2145.1837455348,1532.056731426
10254,You must have crossed at least 30 miles of wilderness without map or guide,-1679.5005531958,2117.8555688956
10255,You must have defeated a single challenging foe without any aid from another,1518.7873774691,2053.2673711416
10256,You must have explored and claimed an area of at least 100 square miles,2164.6636885085,2489.3726997228
10257,You must have faced an undead or evil outsider or aberration with a CR greater than your level +4,846.5927145661,2852.7150428219
10258,You must have failed your saving throws against at least five different emotion-manipulating spells or your saving throw against a supernatural creature's fear effect (such as a dragon's frightful presence),2005.9817906663,2935.607277683
10259,You must have found love with a person you can't be with,-2234.8201601297,2233.8959197822
10260,"You must have had a valuable item (worth at least 1,000 gp per character level) stolen by a former ally",2229.1032657427,2643.982141772
10261,You must have had direct contact with a deity or godlike being,2556.8073882349,2449.1025372151
10262,You must have had friendly contact with a good outsider that would qualify as a challenging foe,3116.4851184166,2412.7973682803
10263,You must have had friendly contact with an evil-aligned outsider that would qualify as a challenging foe,-2579.1523817719,1512.7005418091
10264,You must have lived in the chosen city for at least 1 year,-2163.874202208,1769.4505513378
10265,You must have lost class features by violating the code of conduct of a class that possesses such a code,3048.1019800812,2143.0054849899
10266,You must have purchased a scroll or spellbook containing a spell with the evil descriptor in a place where such dealings are illegal,1139.1161367601,3585.981321327
10267,You must have refused an evil creature with at least 15 Hit Dice who offered gifts or assistance,370.8859134782,3629.9171725296
10268,You must have reverted to savage behavior through a traumatic event or extended period in the wilderness,-1434.1366396649,2553.0471683334
10269,You must have some highly personal stake in attaining the object of your quest as determined collectively by you and the GM,-1411.1376581501,2431.9673600757
10270,"You must have stolen at least 1,000 gp worth of treasure without being caught and kept mementos of these thefts worth at least 500 gp",2914.3254671904,1921.6681815488
10271,You must have suffered permanent memory loss,387.5123616466,2757.1634570588
10272,You must have visited a ruin or forgotten place that has been abandoned for at least five times as long as you've been alive,-1442.1145589053,2339.4341364306
10273,You must have witnessed the death of a close companion in battle-a death that could have been prevented (such as from bleeding or failure to stabilize or ongoing poison damage),-2417.940359915,1372.0324449225
10274,You must slay at least 50 intelligent noncombatants for either your own personal gain or for no cause at all,1782.4278821212,2725.1475254106
10275,You must successfully cast a conjuration (healing) spell on an ally after being hit by an attack of opportunity,-2689.461201256,971.2818829717
10276,You witnessed at least one family member or a close friend being killed by demons or demonic cultists,-1097.5558780484,2634.1007794206
10277,Young age category,-300.0205413958,2719.9169296999
10278,Your alignment must have shifted from either good or evil at least once since 1st level or the last time you completed this feat,939.5703275532,1420.2272845794
10279,Your family must have claim to an inherited title or position that no longer belongs to them,2911.3972296074,2056.7323378154
